{
  "fpcStiffeners": [
    {
      "id": "e2051",
      "gerber": "Gerber_BottomStiffenerLayer_pib_0.2.GBSL",
      "layer": "bottom",
      "material": "pi",
      "thickness": "0.2",
      "path": [
        [
          [
            655.9315,
            482.4544,
            "ARC",
            -45,
            673.2284,
            440.6961,
            "L",
            673.2284,
            39.3701,
            "ARC",
            -90,
            633.8583,
            0,
            "L",
            -791.3386,
            0,
            "ARC",
            -90,
            -830.7087,
            39.3701,
            "L",
            -830.7087,
            452.7551,
            "ARC",
            -90,
            -791.3386,
            492.1252,
            "L",
            -675.7564,
            492.1252,
            "ARC",
            45,
            -647.9176,
            503.6565,
            "L",
            -631.6099,
            519.9641,
            "ARC",
            45,
            -620.0787,
            547.803,
            "L",
            -620.0787,
            768.7008,
            620.0788,
            768.7008,
            620.0788,
            542.7685,
            "ARC",
            45,
            637.3756,
            501.0103,
            "L",
            655.9315,
            482.4544
          ],
          [
            132.874,
            448.8189,
            "ARC",
            90,
            191.9291,
            507.8741,
            "ARC",
            90,
            132.874,
            566.9292,
            "ARC",
            90,
            73.8189,
            507.874,
            "ARC",
            90,
            132.874,
            448.8189
          ]
        ]
      ]
    }
  ]
}